id;full_name;address;phone
1;reciprocal payment;Kuwait;618.306.7579 x4823
2;plug-and-play foreground strategy;Coordinator Money Market Account invoice;045-790-7502
3;Internal PNG;Kids neural;(447) 508-3889
4;Licensed;morph Legacy;455-812-1149 x066
5;Savings Account Mouse back-end;Mill Ergonomic online;174-062-9524
6;Hryvnia Response orange;copying;(532) 751-0494 x991
7;Proactive;Granite Wisconsin Forward;293-651-3210 x26090
8;dynamic;analyzing;(139) 353-5127
9;back-end withdrawal Executive;metrics;388.859.0769 x90561
10;Branding Keyboard;Ergonomic Steel Fish Latvian Lats;1-944-383-6078 x8373
